{
	"credit": "Made with Blockbench",
	"parent": "minecraft:block/block",
	"textures": {
		"3": "enderio:block/aversion_obelisk"
	},
	"elements": [
		{
			"from": [4, 2, 4],
			"to": [12, 6, 12],
			"faces": {
				"north": {"uv": [0, 0, 8, 4], "texture": "#3"},
				"east": {"uv": [0, 0, 8, 4], "texture": "#3"},
				"south": {"uv": [0, 0, 8, 4], "texture": "#3"},
				"west": {"uv": [0, 0, 8, 4], "texture": "#3"},
				"up": {"uv": [0, 8, 8, 16], "texture": "#3"},
				"down": {"uv": [0, 8, 8, 16], "texture": "#3"}
			}
		},
		{
			"from": [3, 0, 3],
			"to": [13, 2, 13],
			"rotation": {"angle": 0, "axis": "y", "origin": [0, 0, 1]},
			"faces": {
				"north": {"uv": [8, 0, 16, 1], "texture": "#3"},
				"east": {"uv": [8, 0, 16, 1], "texture": "#3"},
				"south": {"uv": [8, 0, 16, 1], "texture": "#3"},
				"west": {"uv": [8, 0, 16, 1], "texture": "#3"},
				"up": {"uv": [8, 8, 16, 16], "texture": "#3"},
				"down": {"uv": [0, 8, 8, 16], "texture": "#3"}
			}
		}
	]
}