{
	"credit": "Made with Blockbench",
	"textures": {
		"1": "enderio:block/conduit_connector"
	},
	"elements": [
		{
			"from": [2, 0, 2],
			"to": [14, 1, 14],
			"rotation": {"angle": 0, "axis": "y", "origin": [0.5, 0, -0.5]},
			"faces": {
				"north": {"uv": [2, 1, 14, 2], "texture": "#1"},
				"east": {"uv": [2, 14, 14, 15], "texture": "#1"},
				"south": {"uv": [2, 14, 14, 15], "texture": "#1"},
				"west": {"uv": [2, 1, 14, 2], "texture": "#1"},
				"up": {"uv": [2, 2, 14, 14], "texture": "#1"},
				"down": {"uv": [2, 2, 14, 14], "texture": "#1"}
			}
		}
	]
}